claim_id,patient_id,provider_npi,provider_name,provider_specialty,provider_state,payer_id,payer_name,plan_name,cpt_code,cpt_description,cpt_expected_specialty,icd_primary,icd_description,additional_cpt,billed_amount,date_of_service,place_of_service,pos_description,pos_source,claim_type,source_format,converted_at,raw_fhir_id,fraud_type,conversion_notes,fraud_label,patient_age,patient_gender,units,day_of_week,is_weekend,icd_cpt_compatible,cpt_benchmark_cost,cost_ratio_vs_benchmark,specialty_mismatch,provider_claim_count,provider_cpt_avg,specialty_cpt_avg,provider_vs_specialty_ratio,pct_99215,unique_patients,weekend_billing_rate,claim_hash,hash_duplicate_count,rule_flags,rule_flag_count,rule_flag_severity,anomaly_score_raw,anomaly_decision_score,ml_risk_score,composite_risk_score
CLM-CLEAN-FHIR-93810,PAT-24592,1234567892,Dr. Patricia Moore,Orthopedic Surgery,CA,PAYER003,UnitedHealthcare,AARP Medicare Complete,27447,Total knee replacement arthroplasty,Orthopedic Surgery,M17.11,"Primary osteoarthritis, right knee",,12500.0,2024-04-24,21,Inpatient Hospital,layer1-fhir-location,professional,FHIR_R4_EOB,2026-03-18 02:04:36,CLM-CLEAN-FHIR-93810,,clean,CLEAN,65,U,1,2,0,1,100,125.0,0,8,12500.0,12500.0,1.0,0.0,8,25.0,932496ab4bed,1,"[{""rule"": ""COST_OUTLIER"", ""severity"": ""MEDIUM"", ""detail"": ""Billed $12500.00 vs CPT benchmark $100.00 (125.0x). Significant overbilling.""}]",1,MEDIUM,-1,-0.028295478631630067,73.6,51.8
CLM-CLEAN-FHIR-23434,PAT-98696,1234567897,Dr. Thomas Brown,Gastroenterology,PA,PAYER001,BlueCross BlueShield,Medicare Advantage Plan A,45378,"Colonoscopy, diagnostic",Gastroenterology,Z12.11,Colorectal cancer screening,,850.0,2024-08-04,22,Outpatient Hospital,layer1-fhir-location,professional,FHIR_R4_EOB,2026-03-18 02:04:36,CLM-CLEAN-FHIR-23434,,clean,CLEAN,65,U,1,6,1,1,100,8.5,0,7,850.0,850.0,1.0,0.0,6,14.3,b8ef05714f2c,1,"[{""rule"": ""COST_OUTLIER"", ""severity"": ""MEDIUM"", ""detail"": ""Billed $850.00 vs CPT benchmark $100.00 (8.5x). Significant overbilling.""}]",1,MEDIUM,1,0.09900752785108163,22.0,26.0
CLM-CLEAN-FHIR-83563,PAT-36062,1234567892,Dr. Patricia Moore,Orthopedic Surgery,CA,PAYER004,Humana,Medicare Advantage PPO,27447,Total knee replacement arthroplasty,Orthopedic Surgery,M17.11,"Primary osteoarthritis, right knee",,12500.0,2024-08-17,21,Inpatient Hospital,layer1-fhir-location,professional,FHIR_R4_EOB,2026-03-18 02:04:36,CLM-CLEAN-FHIR-83563,,clean,CLEAN,65,U,1,5,1,1,100,125.0,0,8,12500.0,12500.0,1.0,0.0,8,25.0,762e6a2035e3,1,"[{""rule"": ""COST_OUTLIER"", ""severity"": ""MEDIUM"", ""detail"": ""Billed $12500.00 vs CPT benchmark $100.00 (125.0x). Significant overbilling.""}]",1,MEDIUM,-1,-0.028295478631630067,73.6,51.8
CLM-CLEAN-FHIR-59615,PAT-20328,1234567897,Dr. Thomas Brown,Gastroenterology,PA,PAYER003,UnitedHealthcare,AARP Medicare Complete,45378,"Colonoscopy, diagnostic",Gastroenterology,Z12.11,Colorectal cancer screening,,850.0,2024-07-04,22,Outpatient Hospital,layer1-fhir-location,professional,FHIR_R4_EOB,2026-03-18 02:04:36,CLM-CLEAN-FHIR-59615,,clean,CLEAN,65,U,1,3,0,1,100,8.5,0,7,850.0,850.0,1.0,0.0,6,14.3,7f676784f20b,1,"[{""rule"": ""COST_OUTLIER"", ""severity"": ""MEDIUM"", ""detail"": ""Billed $850.00 vs CPT benchmark $100.00 (8.5x). Significant overbilling.""}]",1,MEDIUM,1,0.09900752785108163,22.0,26.0
CLM-CLEAN-FHIR-99733,PAT-52504,1234567892,Dr. Patricia Moore,Orthopedic Surgery,CA,PAYER001,BlueCross BlueShield,Medicare Advantage Plan A,27447,Total knee replacement arthroplasty,Orthopedic Surgery,M17.11,"Primary osteoarthritis, right knee",,12500.0,2024-01-17,21,Inpatient Hospital,layer1-fhir-location,professional,FHIR_R4_EOB,2026-03-18 02:04:36,CLM-CLEAN-FHIR-99733,,clean,CLEAN,65,U,1,2,0,1,100,125.0,0,8,12500.0,12500.0,1.0,0.0,8,25.0,ca2746e338a5,1,"[{""rule"": ""COST_OUTLIER"", ""severity"": ""MEDIUM"", ""detail"": ""Billed $12500.00 vs CPT benchmark $100.00 (125.0x). Significant overbilling.""}]",1,MEDIUM,-1,-0.028295478631630067,73.6,51.8
CLM-CLEAN-FHIR-62581,PAT-45093,1234567897,Dr. Thomas Brown,Gastroenterology,PA,PAYER002,Aetna,Medicare Advantage Gold,45378,"Colonoscopy, diagnostic",Gastroenterology,Z12.11,Colorectal cancer screening,,850.0,2024-06-10,22,Outpatient Hospital,layer1-fhir-location,professional,FHIR_R4_EOB,2026-03-18 02:04:36,CLM-CLEAN-FHIR-62581,,clean,CLEAN,65,U,1,0,0,1,100,8.5,0,7,850.0,850.0,1.0,0.0,6,14.3,1b70be8fbc04,1,"[{""rule"": ""COST_OUTLIER"", ""severity"": ""MEDIUM"", ""detail"": ""Billed $850.00 vs CPT benchmark $100.00 (8.5x). Significant overbilling.""}]",1,MEDIUM,1,0.09900752785108163,22.0,26.0
CLM-CLEAN-FHIR-42325,PAT-83579,1234567897,Dr. Thomas Brown,Gastroenterology,PA,PAYER003,UnitedHealthcare,AARP Medicare Complete,45378,"Colonoscopy, diagnostic",Gastroenterology,Z12.11,Colorectal cancer screening,,850.0,2024-08-07,22,Outpatient Hospital,layer1-fhir-location,professional,FHIR_R4_EOB,2026-03-18 02:04:36,CLM-CLEAN-FHIR-42325,,clean,CLEAN,65,U,1,2,0,1,100,8.5,0,7,850.0,850.0,1.0,0.0,6,14.3,71e6aca2fd8b,1,"[{""rule"": ""COST_OUTLIER"", ""severity"": ""MEDIUM"", ""detail"": ""Billed $850.00 vs CPT benchmark $100.00 (8.5x). Significant overbilling.""}]",1,MEDIUM,1,0.09900752785108163,22.0,26.0
CLM-CLEAN-FHIR-30033,PAT-92240,1234567897,Dr. Thomas Brown,Gastroenterology,PA,PAYER004,Humana,Medicare Advantage PPO,45378,"Colonoscopy, diagnostic",Gastroenterology,Z12.11,Colorectal cancer screening,,850.0,2024-02-02,22,Outpatient Hospital,layer1-fhir-location,professional,FHIR_R4_EOB,2026-03-18 02:04:36,CLM-CLEAN-FHIR-30033,,clean,CLEAN,65,U,1,4,0,1,100,8.5,0,7,850.0,850.0,1.0,0.0,6,14.3,308c085e0f25,1,"[{""rule"": ""COST_OUTLIER"", ""severity"": ""MEDIUM"", ""detail"": ""Billed $850.00 vs CPT benchmark $100.00 (8.5x). Significant overbilling.""}]",1,MEDIUM,1,0.09900752785108163,22.0,26.0
CLM-FWA-FHIR-14117,PAT-53309,1234567890,Dr. Sarah Johnson,Internal Medicine,TX,PAYER002,Aetna,Medicare Advantage Gold,99215,"Office visit, high complexity (UPCODED)",Internal Medicine,J06.9,Acute upper respiratory infection,,225.0,2024-05-22,11,Office,layer1-fhir-location,professional,FHIR_R4_EOB,2026-03-18 02:04:36,CLM-FWA-FHIR-14117,UPCODING,clean,UPCODING,65,U,1,2,0,0,100,2.25,0,21,225.0,225.0,1.0,73.3,21,38.1,424e3cd51238,1,"[{""rule"": ""ICD_CPT_MISMATCH"", ""severity"": ""HIGH"", ""detail"": ""ICD J06.9 (Acute upper respiratory infection) does not justify CPT 99215 (Office visit, high complexity (UPCODED))""}]",1,HIGH,1,0.03374383935986047,48.4,59.2
CLM-FWA-FHIR-38080,PAT-80678,1234567890,Dr. Sarah Johnson,Internal Medicine,TX,PAYER004,Humana,Medicare Advantage PPO,99215,"Office visit, high complexity (UPCODED)",Internal Medicine,J06.9,Acute upper respiratory infection,,225.0,2024-05-04,11,Office,layer1-fhir-location,professional,FHIR_R4_EOB,2026-03-18 02:04:36,CLM-FWA-FHIR-38080,UPCODING,clean,UPCODING,65,U,1,5,1,0,100,2.25,0,21,225.0,225.0,1.0,73.3,21,38.1,816232a4b7e2,1,"[{""rule"": ""ICD_CPT_MISMATCH"", ""severity"": ""HIGH"", ""detail"": ""ICD J06.9 (Acute upper respiratory infection) does not justify CPT 99215 (Office visit, high complexity (UPCODED))""}]",1,HIGH,1,0.03374383935986047,48.4,59.2
CLM-FWA-FHIR-63354,PAT-34957,1234567890,Dr. Sarah Johnson,Internal Medicine,TX,PAYER001,BlueCross BlueShield,Medicare Advantage Plan A,99215,"Office visit, high complexity (UPCODED)",Internal Medicine,J06.9,Acute upper respiratory infection,,225.0,2024-12-03,11,Office,layer1-fhir-location,professional,FHIR_R4_EOB,2026-03-18 02:04:36,CLM-FWA-FHIR-63354,UPCODING,clean,UPCODING,65,U,1,1,0,0,100,2.25,0,21,225.0,225.0,1.0,73.3,21,38.1,923fb1b603ba,1,"[{""rule"": ""ICD_CPT_MISMATCH"", ""severity"": ""HIGH"", ""detail"": ""ICD J06.9 (Acute upper respiratory infection) does not justify CPT 99215 (Office visit, high complexity (UPCODED))""}]",1,HIGH,1,0.03374383935986047,48.4,59.2
CLM-FWA-FHIR-56438,PAT-65519,1234567890,Dr. Sarah Johnson,Internal Medicine,TX,PAYER004,Humana,Medicare Advantage PPO,99215,"Office visit, high complexity (UPCODED)",Internal Medicine,J06.9,Acute upper respiratory infection,,225.0,2024-01-28,11,Office,layer1-fhir-location,professional,FHIR_R4_EOB,2026-03-18 02:04:36,CLM-FWA-FHIR-56438,UPCODING,clean,UPCODING,65,U,1,6,1,0,100,2.25,0,21,225.0,225.0,1.0,73.3,21,38.1,1c3330cb10f1,1,"[{""rule"": ""ICD_CPT_MISMATCH"", ""severity"": ""HIGH"", ""detail"": ""ICD J06.9 (Acute upper respiratory infection) does not justify CPT 99215 (Office visit, high complexity (UPCODED))""}]",1,HIGH,1,0.03374383935986047,48.4,59.2
CLM-FWA-FHIR-17944,PAT-62772,1234567890,Dr. Sarah Johnson,Internal Medicine,TX,PAYER003,UnitedHealthcare,AARP Medicare Complete,99215,"Office visit, high complexity (UPCODED)",Internal Medicine,J06.9,Acute upper respiratory infection,,225.0,2024-02-25,11,Office,layer1-fhir-location,professional,FHIR_R4_EOB,2026-03-18 02:04:36,CLM-FWA-FHIR-17944,UPCODING,clean,UPCODING,65,U,1,6,1,0,100,2.25,0,21,225.0,225.0,1.0,73.3,21,38.1,11062d17abaa,1,"[{""rule"": ""ICD_CPT_MISMATCH"", ""severity"": ""HIGH"", ""detail"": ""ICD J06.9 (Acute upper respiratory infection) does not justify CPT 99215 (Office visit, high complexity (UPCODED))""}]",1,HIGH,1,0.03374383935986047,48.4,59.2
CLM-FWA-FHIR-35112,PAT-34931,1234567896,Dr. Karen Wilson,Dermatology,IL,PAYER004,Humana,Medicare Advantage PPO,00100,Anesthesia for salivary gland surgery,,K11.5,Sialolithiasis (salivary gland stone),99215.0,462.0,2024-03-12,22,Outpatient Hospital,layer1-fhir-location,professional,FHIR_R4_EOB,2026-03-18 02:04:36,CLM-FWA-FHIR-35112,UNBUNDLING,additional CPTs: 99215,UNBUNDLING,65,U,1,1,0,1,100,4.62,1,4,462.0,462.0,1.0,0.0,2,0.0,98233daae84f,1,"[{""rule"": ""SPECIALTY_MISMATCH"", ""severity"": ""MEDIUM"", ""detail"": ""CPT 00100 typically billed by ['Unknown']. Provider specialty: Dermatology.""}, {""rule"": ""COST_OUTLIER"", ""severity"": ""MEDIUM"", ""detail"": ""Billed $462.00 vs CPT benchmark $100.00 (4.6x). Significant overbilling.""}]",2,MEDIUM,1,0.015960705221395477,55.6,67.8
CLM-FWA-FHIR-34050,PAT-46509,1234567897,Dr. Thomas Brown,Gastroenterology,PA,PAYER002,Aetna,Medicare Advantage Gold,00100,Anesthesia for salivary gland surgery,,K11.5,Sialolithiasis (salivary gland stone),99215.0,462.0,2024-02-08,22,Outpatient Hospital,layer1-fhir-location,professional,FHIR_R4_EOB,2026-03-18 02:04:36,CLM-FWA-FHIR-34050,UNBUNDLING,additional CPTs: 99215,UNBUNDLING,65,U,1,3,0,1,100,4.62,1,7,462.0,462.0,1.0,0.0,6,14.3,05b3563202e4,1,"[{""rule"": ""SPECIALTY_MISMATCH"", ""severity"": ""MEDIUM"", ""detail"": ""CPT 00100 typically billed by ['Unknown']. Provider specialty: Gastroenterology.""}, {""rule"": ""COST_OUTLIER"", ""severity"": ""MEDIUM"", ""detail"": ""Billed $462.00 vs CPT benchmark $100.00 (4.6x). Significant overbilling.""}]",2,MEDIUM,1,0.00046666494613123444,61.9,71.0
CLM-FWA-FHIR-82132,PAT-22833,1234567893,Dr. James Williams,Cardiology,NY,PAYER001,BlueCross BlueShield,Medicare Advantage Plan A,00100,Anesthesia for salivary gland surgery,,K11.5,Sialolithiasis (salivary gland stone),99215.0,462.0,2024-02-17,22,Outpatient Hospital,layer1-fhir-location,professional,FHIR_R4_EOB,2026-03-18 02:04:36,CLM-FWA-FHIR-82132,UNBUNDLING,additional CPTs: 99215,UNBUNDLING,65,U,1,5,1,1,100,4.62,1,3,462.0,462.0,1.0,0.0,2,66.7,8cbbbd244d0b,1,"[{""rule"": ""SPECIALTY_MISMATCH"", ""severity"": ""MEDIUM"", ""detail"": ""CPT 00100 typically billed by ['Unknown']. Provider specialty: Cardiology.""}, {""rule"": ""WEEKEND_OUTLIER"", ""severity"": ""LOW"", ""detail"": ""Provider has 66.7% weekend billing rate vs ~15% national avg. High weekend billing may indicate falsified dates.""}, {""rule"": ""COST_OUTLIER"", ""severity"": ""MEDIUM"", ""detail"": ""Billed $462.00 vs CPT benchmark $100.00 (4.6x). Significant overbilling.""}]",3,MEDIUM,-1,-0.07299953942619886,91.7,100.0
CLM-FWA-FHIR-31798,PAT-63269,1234567896,Dr. Karen Wilson,Dermatology,IL,PAYER004,Humana,Medicare Advantage PPO,00100,Anesthesia for salivary gland surgery,,K11.5,Sialolithiasis (salivary gland stone),99215.0,462.0,2024-04-19,22,Outpatient Hospital,layer1-fhir-location,professional,FHIR_R4_EOB,2026-03-18 02:04:36,CLM-FWA-FHIR-31798,UNBUNDLING,additional CPTs: 99215,UNBUNDLING,65,U,1,4,0,1,100,4.62,1,4,462.0,462.0,1.0,0.0,2,0.0,ee32d72ed7e2,1,"[{""rule"": ""SPECIALTY_MISMATCH"", ""severity"": ""MEDIUM"", ""detail"": ""CPT 00100 typically billed by ['Unknown']. Provider specialty: Dermatology.""}, {""rule"": ""COST_OUTLIER"", ""severity"": ""MEDIUM"", ""detail"": ""Billed $462.00 vs CPT benchmark $100.00 (4.6x). Significant overbilling.""}]",2,MEDIUM,1,0.015960705221395477,55.6,67.8
CLM-FWA-FHIR-17685,PAT-31579,1234567894,Dr. Linda Martinez,Neurology,OH,PAYER001,BlueCross BlueShield,Medicare Advantage Plan A,00100,Anesthesia for salivary gland surgery,,K11.5,Sialolithiasis (salivary gland stone),99215.0,462.0,2024-07-18,22,Outpatient Hospital,layer1-fhir-location,professional,FHIR_R4_EOB,2026-03-18 02:04:36,CLM-FWA-FHIR-17685,UNBUNDLING,additional CPTs: 99215,UNBUNDLING,65,U,1,3,0,1,100,4.62,1,2,462.0,462.0,1.0,0.0,1,0.0,92286752bd48,1,"[{""rule"": ""SPECIALTY_MISMATCH"", ""severity"": ""MEDIUM"", ""detail"": ""CPT 00100 typically billed by ['Unknown']. Provider specialty: Neurology.""}, {""rule"": ""COST_OUTLIER"", ""severity"": ""MEDIUM"", ""detail"": ""Billed $462.00 vs CPT benchmark $100.00 (4.6x). Significant overbilling.""}]",2,MEDIUM,1,0.015960705221395477,55.6,67.8
CLM-FWA-FHIR-69638,PAT-47388,1234567892,Dr. Patricia Moore,Orthopedic Surgery,CA,PAYER004,Humana,Medicare Advantage PPO,27447,Total knee replacement,Orthopedic Surgery,M25.361,Stiffness of right hip (wrong body part),,12500.0,2024-03-20,21,Inpatient Hospital,layer1-fhir-location,professional,FHIR_R4_EOB,2026-03-18 02:04:36,CLM-FWA-FHIR-69638,ICD_CPT_MISMATCH,clean,ICD_CPT_MISMATCH,65,U,1,2,0,0,100,125.0,0,8,12500.0,12500.0,1.0,0.0,8,25.0,8f9e0cf6afde,1,"[{""rule"": ""ICD_CPT_MISMATCH"", ""severity"": ""HIGH"", ""detail"": ""ICD M25.361 (Stiffness of right hip (wrong body part)) does not justify CPT 27447 (Total knee replacement)""}, {""rule"": ""COST_OUTLIER"", ""severity"": ""MEDIUM"", ""detail"": ""Billed $12500.00 vs CPT benchmark $100.00 (125.0x). Significant overbilling.""}]",2,HIGH,1,0.028855677400005164,50.4,75.2
CLM-FWA-FHIR-48890,PAT-38534,1234567892,Dr. Patricia Moore,Orthopedic Surgery,CA,PAYER001,BlueCross BlueShield,Medicare Advantage Plan A,27447,Total knee replacement,Orthopedic Surgery,M25.361,Stiffness of right hip (wrong body part),,12500.0,2024-06-09,21,Inpatient Hospital,layer1-fhir-location,professional,FHIR_R4_EOB,2026-03-18 02:04:36,CLM-FWA-FHIR-48890,ICD_CPT_MISMATCH,clean,ICD_CPT_MISMATCH,65,U,1,6,1,0,100,125.0,0,8,12500.0,12500.0,1.0,0.0,8,25.0,711b6601568c,1,"[{""rule"": ""ICD_CPT_MISMATCH"", ""severity"": ""HIGH"", ""detail"": ""ICD M25.361 (Stiffness of right hip (wrong body part)) does not justify CPT 27447 (Total knee replacement)""}, {""rule"": ""COST_OUTLIER"", ""severity"": ""MEDIUM"", ""detail"": ""Billed $12500.00 vs CPT benchmark $100.00 (125.0x). Significant overbilling.""}]",2,HIGH,1,0.028855677400005164,50.4,75.2
CLM-FWA-FHIR-16572,PAT-86569,1234567892,Dr. Patricia Moore,Orthopedic Surgery,CA,PAYER002,Aetna,Medicare Advantage Gold,27447,Total knee replacement,Orthopedic Surgery,M25.361,Stiffness of right hip (wrong body part),,12500.0,2024-01-30,21,Inpatient Hospital,layer1-fhir-location,professional,FHIR_R4_EOB,2026-03-18 02:04:36,CLM-FWA-FHIR-16572,ICD_CPT_MISMATCH,clean,ICD_CPT_MISMATCH,65,U,1,1,0,0,100,125.0,0,8,12500.0,12500.0,1.0,0.0,8,25.0,781200bb9c48,1,"[{""rule"": ""ICD_CPT_MISMATCH"", ""severity"": ""HIGH"", ""detail"": ""ICD M25.361 (Stiffness of right hip (wrong body part)) does not justify CPT 27447 (Total knee replacement)""}, {""rule"": ""COST_OUTLIER"", ""severity"": ""MEDIUM"", ""detail"": ""Billed $12500.00 vs CPT benchmark $100.00 (125.0x). Significant overbilling.""}]",2,HIGH,1,0.028855677400005164,50.4,75.2
CLM-FWA-FHIR-34356,PAT-18981,1234567892,Dr. Patricia Moore,Orthopedic Surgery,CA,PAYER001,BlueCross BlueShield,Medicare Advantage Plan A,27447,Total knee replacement,Orthopedic Surgery,M25.361,Stiffness of right hip (wrong body part),,12500.0,2024-12-11,21,Inpatient Hospital,layer1-fhir-location,professional,FHIR_R4_EOB,2026-03-18 02:04:36,CLM-FWA-FHIR-34356,ICD_CPT_MISMATCH,clean,ICD_CPT_MISMATCH,65,U,1,2,0,0,100,125.0,0,8,12500.0,12500.0,1.0,0.0,8,25.0,b5cd85012a3e,1,"[{""rule"": ""ICD_CPT_MISMATCH"", ""severity"": ""HIGH"", ""detail"": ""ICD M25.361 (Stiffness of right hip (wrong body part)) does not justify CPT 27447 (Total knee replacement)""}, {""rule"": ""COST_OUTLIER"", ""severity"": ""MEDIUM"", ""detail"": ""Billed $12500.00 vs CPT benchmark $100.00 (125.0x). Significant overbilling.""}]",2,HIGH,1,0.028855677400005164,50.4,75.2
CLM-FWA-FHIR-62923,PAT-25713,1234567892,Dr. Patricia Moore,Orthopedic Surgery,CA,PAYER002,Aetna,Medicare Advantage Gold,27447,Total knee replacement,Orthopedic Surgery,M25.361,Stiffness of right hip (wrong body part),,12500.0,2024-10-23,21,Inpatient Hospital,layer1-fhir-location,professional,FHIR_R4_EOB,2026-03-18 02:04:36,CLM-FWA-FHIR-62923,ICD_CPT_MISMATCH,clean,ICD_CPT_MISMATCH,65,U,1,2,0,0,100,125.0,0,8,12500.0,12500.0,1.0,0.0,8,25.0,87dbf84fdeea,1,"[{""rule"": ""ICD_CPT_MISMATCH"", ""severity"": ""HIGH"", ""detail"": ""ICD M25.361 (Stiffness of right hip (wrong body part)) does not justify CPT 27447 (Total knee replacement)""}, {""rule"": ""COST_OUTLIER"", ""severity"": ""MEDIUM"", ""detail"": ""Billed $12500.00 vs CPT benchmark $100.00 (125.0x). Significant overbilling.""}]",2,HIGH,1,0.028855677400005164,50.4,75.2
CLM-FWA-FHIR-91183,PAT-20745,1234567891,Dr. Michael Chen,Family Practice,FL,PAYER003,UnitedHealthcare,AARP Medicare Complete,36415,Venipuncture for blood collection,Family Practice,Z00.00,General adult medical exam,,18.0,2024-05-13,11,Office,layer1-fhir-location,professional,FHIR_R4_EOB,2026-03-18 02:04:36,CLM-FWA-FHIR-91183,MEDICALLY_UNNECESSARY,clean,MEDICALLY_UNNECESSARY,65,U,1,0,0,0,100,0.18,0,10,18.0,18.0,1.0,0.0,10,30.0,653afe641527,1,"[{""rule"": ""ICD_CPT_MISMATCH"", ""severity"": ""HIGH"", ""detail"": ""ICD Z00.00 (General adult medical exam) does not justify CPT 36415 (Venipuncture for blood collection)""}]",1,HIGH,1,0.09476279571667096,23.7,46.8
CLM-FWA-FHIR-97782,PAT-51180,1234567891,Dr. Michael Chen,Family Practice,FL,PAYER003,UnitedHealthcare,AARP Medicare Complete,36415,Venipuncture for blood collection,Family Practice,Z00.00,General adult medical exam,,18.0,2024-07-21,11,Office,layer1-fhir-location,professional,FHIR_R4_EOB,2026-03-18 02:04:36,CLM-FWA-FHIR-97782,MEDICALLY_UNNECESSARY,clean,MEDICALLY_UNNECESSARY,65,U,1,6,1,0,100,0.18,0,10,18.0,18.0,1.0,0.0,10,30.0,72585ac3a220,1,"[{""rule"": ""ICD_CPT_MISMATCH"", ""severity"": ""HIGH"", ""detail"": ""ICD Z00.00 (General adult medical exam) does not justify CPT 36415 (Venipuncture for blood collection)""}]",1,HIGH,1,0.09476279571667096,23.7,46.8
CLM-FWA-FHIR-98039,PAT-94607,1234567891,Dr. Michael Chen,Family Practice,FL,PAYER004,Humana,Medicare Advantage PPO,36415,Venipuncture for blood collection,Family Practice,Z00.00,General adult medical exam,,18.0,2024-06-10,11,Office,layer1-fhir-location,professional,FHIR_R4_EOB,2026-03-18 02:04:36,CLM-FWA-FHIR-98039,MEDICALLY_UNNECESSARY,clean,MEDICALLY_UNNECESSARY,65,U,1,0,0,0,100,0.18,0,10,18.0,18.0,1.0,0.0,10,30.0,285877adb3b8,1,"[{""rule"": ""ICD_CPT_MISMATCH"", ""severity"": ""HIGH"", ""detail"": ""ICD Z00.00 (General adult medical exam) does not justify CPT 36415 (Venipuncture for blood collection)""}]",1,HIGH,1,0.09476279571667096,23.7,46.8
CLM-FWA-FHIR-11220,PAT-70068,1234567891,Dr. Michael Chen,Family Practice,FL,PAYER001,BlueCross BlueShield,Medicare Advantage Plan A,36415,Venipuncture for blood collection,Family Practice,Z00.00,General adult medical exam,,18.0,2024-02-07,11,Office,layer1-fhir-location,professional,FHIR_R4_EOB,2026-03-18 02:04:36,CLM-FWA-FHIR-11220,MEDICALLY_UNNECESSARY,clean,MEDICALLY_UNNECESSARY,65,U,1,2,0,0,100,0.18,0,10,18.0,18.0,1.0,0.0,10,30.0,da7d33392bb9,1,"[{""rule"": ""ICD_CPT_MISMATCH"", ""severity"": ""HIGH"", ""detail"": ""ICD Z00.00 (General adult medical exam) does not justify CPT 36415 (Venipuncture for blood collection)""}]",1,HIGH,1,0.09476279571667096,23.7,46.8
CLM-FWA-FHIR-76307,PAT-44760,1234567891,Dr. Michael Chen,Family Practice,FL,PAYER003,UnitedHealthcare,AARP Medicare Complete,36415,Venipuncture for blood collection,Family Practice,Z00.00,General adult medical exam,,18.0,2024-02-05,11,Office,layer1-fhir-location,professional,FHIR_R4_EOB,2026-03-18 02:04:36,CLM-FWA-FHIR-76307,MEDICALLY_UNNECESSARY,clean,MEDICALLY_UNNECESSARY,65,U,1,0,0,0,100,0.18,0,10,18.0,18.0,1.0,0.0,10,30.0,814dca10d094,1,"[{""rule"": ""ICD_CPT_MISMATCH"", ""severity"": ""HIGH"", ""detail"": ""ICD Z00.00 (General adult medical exam) does not justify CPT 36415 (Venipuncture for blood collection)""}]",1,HIGH,1,0.09476279571667096,23.7,46.8
CLM-FWA-FHIR-35112-B,PAT-34931,1234567896,Dr. Karen Wilson,Dermatology,IL,PAYER004,Humana,Medicare Advantage PPO,99215.0,Bundled code (NCCI expansion),,K11.5,Sialolithiasis (salivary gland stone),,462.0,2024-03-12,22,Outpatient Hospital,layer1-fhir-location,professional,FHIR_R4_EOB,2026-03-18 02:04:36,CLM-FWA-FHIR-35112,UNBUNDLING,additional CPTs: 99215,UNBUNDLING,65,U,1,1,0,0,100,4.62,1,4,462.0,462.0,1.0,0.0,2,0.0,a34515c6f2a5,1,"[{""rule"": ""SPECIALTY_MISMATCH"", ""severity"": ""MEDIUM"", ""detail"": ""CPT 99215.0 typically billed by ['Unknown']. Provider specialty: Dermatology.""}, {""rule"": ""COST_OUTLIER"", ""severity"": ""MEDIUM"", ""detail"": ""Billed $462.00 vs CPT benchmark $100.00 (4.6x). Significant overbilling.""}]",2,MEDIUM,1,0.0,62.1,91.0
CLM-FWA-FHIR-34050-B,PAT-46509,1234567897,Dr. Thomas Brown,Gastroenterology,PA,PAYER002,Aetna,Medicare Advantage Gold,99215.0,Bundled code (NCCI expansion),,K11.5,Sialolithiasis (salivary gland stone),,462.0,2024-02-08,22,Outpatient Hospital,layer1-fhir-location,professional,FHIR_R4_EOB,2026-03-18 02:04:36,CLM-FWA-FHIR-34050,UNBUNDLING,additional CPTs: 99215,UNBUNDLING,65,U,1,3,0,0,100,4.62,1,7,462.0,462.0,1.0,0.0,6,14.3,4334edfc4974,1,"[{""rule"": ""SPECIALTY_MISMATCH"", ""severity"": ""MEDIUM"", ""detail"": ""CPT 99215.0 typically billed by ['Unknown']. Provider specialty: Gastroenterology.""}, {""rule"": ""COST_OUTLIER"", ""severity"": ""MEDIUM"", ""detail"": ""Billed $462.00 vs CPT benchmark $100.00 (4.6x). Significant overbilling.""}]",2,MEDIUM,-1,-0.027048765548003395,73.1,96.6
CLM-FWA-FHIR-82132-B,PAT-22833,1234567893,Dr. James Williams,Cardiology,NY,PAYER001,BlueCross BlueShield,Medicare Advantage Plan A,99215.0,Bundled code (NCCI expansion),,K11.5,Sialolithiasis (salivary gland stone),,462.0,2024-02-17,22,Outpatient Hospital,layer1-fhir-location,professional,FHIR_R4_EOB,2026-03-18 02:04:36,CLM-FWA-FHIR-82132,UNBUNDLING,additional CPTs: 99215,UNBUNDLING,65,U,1,5,1,0,100,4.62,1,3,462.0,462.0,1.0,0.0,2,66.7,126641421e53,1,"[{""rule"": ""SPECIALTY_MISMATCH"", ""severity"": ""MEDIUM"", ""detail"": ""CPT 99215.0 typically billed by ['Unknown']. Provider specialty: Cardiology.""}, {""rule"": ""WEEKEND_OUTLIER"", ""severity"": ""LOW"", ""detail"": ""Provider has 66.7% weekend billing rate vs ~15% national avg. High weekend billing may indicate falsified dates.""}, {""rule"": ""COST_OUTLIER"", ""severity"": ""MEDIUM"", ""detail"": ""Billed $462.00 vs CPT benchmark $100.00 (4.6x). Significant overbilling.""}]",3,MEDIUM,-1,-0.09340335275372214,100.0,100.0
CLM-FWA-FHIR-31798-B,PAT-63269,1234567896,Dr. Karen Wilson,Dermatology,IL,PAYER004,Humana,Medicare Advantage PPO,99215.0,Bundled code (NCCI expansion),,K11.5,Sialolithiasis (salivary gland stone),,462.0,2024-04-19,22,Outpatient Hospital,layer1-fhir-location,professional,FHIR_R4_EOB,2026-03-18 02:04:36,CLM-FWA-FHIR-31798,UNBUNDLING,additional CPTs: 99215,UNBUNDLING,65,U,1,4,0,0,100,4.62,1,4,462.0,462.0,1.0,0.0,2,0.0,db6c0df51bff,1,"[{""rule"": ""SPECIALTY_MISMATCH"", ""severity"": ""MEDIUM"", ""detail"": ""CPT 99215.0 typically billed by ['Unknown']. Provider specialty: Dermatology.""}, {""rule"": ""COST_OUTLIER"", ""severity"": ""MEDIUM"", ""detail"": ""Billed $462.00 vs CPT benchmark $100.00 (4.6x). Significant overbilling.""}]",2,MEDIUM,1,0.0,62.1,91.0
CLM-FWA-FHIR-17685-B,PAT-31579,1234567894,Dr. Linda Martinez,Neurology,OH,PAYER001,BlueCross BlueShield,Medicare Advantage Plan A,99215.0,Bundled code (NCCI expansion),,K11.5,Sialolithiasis (salivary gland stone),,462.0,2024-07-18,22,Outpatient Hospital,layer1-fhir-location,professional,FHIR_R4_EOB,2026-03-18 02:04:36,CLM-FWA-FHIR-17685,UNBUNDLING,additional CPTs: 99215,UNBUNDLING,65,U,1,3,0,0,100,4.62,1,2,462.0,462.0,1.0,0.0,1,0.0,1847fa336feb,1,"[{""rule"": ""SPECIALTY_MISMATCH"", ""severity"": ""MEDIUM"", ""detail"": ""CPT 99215.0 typically billed by ['Unknown']. Provider specialty: Neurology.""}, {""rule"": ""COST_OUTLIER"", ""severity"": ""MEDIUM"", ""detail"": ""Billed $462.00 vs CPT benchmark $100.00 (4.6x). Significant overbilling.""}]",2,MEDIUM,1,0.0,62.1,91.0
