claim_id,patient_id,patient_age,patient_gender,provider_npi,provider_name,provider_specialty,provider_state,date_of_service,cpt_code,cpt_description,icd_primary,icd_description,billed_amount,units,pos_description,composite_risk_score,rule_flag_count,rule_flag_severity,rule_flags,pct_99215,weekend_billing_rate,provider_vs_specialty_ratio,fraud_label,ai_risk_score,ai_fraud_category,ai_plausible,ai_confidence,ai_narrative,ai_red_flags,ai_recommendation,ai_provider,ai_analysis_time_sec,ai_error
CLM-FWA-FHIR-82132,PAT-22833,65,U,1234567893,Dr. James Williams,Cardiology,NY,2024-02-17,100,Anesthesia for salivary gland surgery,K11.5,Sialolithiasis (salivary gland stone),462.0,1,Outpatient Hospital,100.0,3,MEDIUM,"[{""rule"": ""SPECIALTY_MISMATCH"", ""severity"": ""MEDIUM"", ""detail"": ""CPT 00100 typically billed by ['Unknown']. Provider specialty: Cardiology.""}, {""rule"": ""WEEKEND_OUTLIER"", ""severity"": ""LOW"", ""detail"": ""Provider has 66.7% weekend billing rate vs ~15% national avg. High weekend billing may indicate falsified dates.""}, {""rule"": ""COST_OUTLIER"", ""severity"": ""MEDIUM"", ""detail"": ""Billed $462.00 vs CPT benchmark $100.00 (4.6x). Significant overbilling.""}]",0.0,66.7,1.0,UNBUNDLING,100,UNBUNDLING,False,100,"The confirmed fraud pattern of UNBUNDLING is evident, where a procedure that should be included in a larger service is billed separately, resulting in excessive billing. The billed amount of $462.00 for CPT 100 is significantly higher than the benchmark, and the provider's specialty mismatch and high weekend billing rate raise concerns about the legitimacy of the claim. The combination of these factors suggests a deliberate attempt to overbill.",SPECIALTY_MISMATCH | WEEKEND_OUTLIER | COST_OUTLIER,REFER_TO_SIU,groq,1.93,
CLM-FWA-FHIR-97782,PAT-51180,65,U,1234567891,Dr. Michael Chen,Family Practice,FL,2024-07-21,36415,Venipuncture for blood collection,Z00.00,General adult medical exam,18.0,1,Office,46.8,1,HIGH,"[{""rule"": ""ICD_CPT_MISMATCH"", ""severity"": ""HIGH"", ""detail"": ""ICD Z00.00 (General adult medical exam) does not justify CPT 36415 (Venipuncture for blood collection)""}]",0.0,30.0,1.0,MEDICALLY_UNNECESSARY,92,MEDICALLY_UNNECESSARY,False,90,"The claim for venipuncture (CPT 36415) is not justified by the diagnosis code Z00.00 (General adult medical exam), indicating a medically unnecessary procedure. This pattern suggests that the provider may be billing for services that are not clinically warranted, which is a clear indication of fraud.",ICD_CPT_MISMATCH | Inconsistent billing patterns,REFER_TO_SIU,groq,6.15,
CLM-FWA-FHIR-76307,PAT-44760,65,U,1234567891,Dr. Michael Chen,Family Practice,FL,2024-02-05,36415,Venipuncture for blood collection,Z00.00,General adult medical exam,18.0,1,Office,46.8,1,HIGH,"[{""rule"": ""ICD_CPT_MISMATCH"", ""severity"": ""HIGH"", ""detail"": ""ICD Z00.00 (General adult medical exam) does not justify CPT 36415 (Venipuncture for blood collection)""}]",0.0,30.0,1.0,MEDICALLY_UNNECESSARY,92,MEDICALLY_UNNECESSARY,False,90,"The claim for venipuncture (CPT 36415) is not justified by the diagnosis of a general adult medical exam (ICD Z00.00), indicating a medically unnecessary procedure. This pattern suggests that the provider may be billing for services that are not clinically warranted, which is a clear indication of fraud.",ICD_CPT_MISMATCH | Inconsistent billing patterns,REFER_TO_SIU,groq,6.96,
CLM-FWA-FHIR-98039,PAT-94607,65,U,1234567891,Dr. Michael Chen,Family Practice,FL,2024-06-10,36415,Venipuncture for blood collection,Z00.00,General adult medical exam,18.0,1,Office,46.8,1,HIGH,"[{""rule"": ""ICD_CPT_MISMATCH"", ""severity"": ""HIGH"", ""detail"": ""ICD Z00.00 (General adult medical exam) does not justify CPT 36415 (Venipuncture for blood collection)""}]",0.0,30.0,1.0,MEDICALLY_UNNECESSARY,92,MEDICALLY_UNNECESSARY,False,90,"The claim for CPT 36415 (Venipuncture for blood collection) is not justified by the ICD code Z00.00 (General adult medical exam), indicating a medically unnecessary procedure. This pattern suggests that the provider may be billing for services that are not clinically warranted, which is a clear indication of fraud.",ICD_CPT_MISMATCH | Inconsistent billing patterns,REFER_TO_SIU,groq,6.04,
CLM-FWA-FHIR-11220,PAT-70068,65,U,1234567891,Dr. Michael Chen,Family Practice,FL,2024-02-07,36415,Venipuncture for blood collection,Z00.00,General adult medical exam,18.0,1,Office,46.8,1,HIGH,"[{""rule"": ""ICD_CPT_MISMATCH"", ""severity"": ""HIGH"", ""detail"": ""ICD Z00.00 (General adult medical exam) does not justify CPT 36415 (Venipuncture for blood collection)""}]",0.0,30.0,1.0,MEDICALLY_UNNECESSARY,92,MEDICALLY_UNNECESSARY,False,90,"The claim for venipuncture (CPT 36415) is not justified by the diagnosis of a general adult medical exam (ICD Z00.00), indicating a medically unnecessary procedure. This pattern suggests that the provider may be billing for services that are not clinically warranted, which is a clear indication of fraud. The ICD_CPT_MISMATCH flag further supports this conclusion.",ICD_CPT_MISMATCH | Inconsistent billing patterns,REFER_TO_SIU,groq,7.17,
CLM-FWA-FHIR-16572,PAT-86569,65,U,1234567892,Dr. Patricia Moore,Orthopedic Surgery,CA,2024-01-30,27447,Total knee replacement,M25.361,Stiffness of right hip (wrong body part),12500.0,1,Inpatient Hospital,75.2,2,HIGH,"[{""rule"": ""ICD_CPT_MISMATCH"", ""severity"": ""HIGH"", ""detail"": ""ICD M25.361 (Stiffness of right hip (wrong body part)) does not justify CPT 27447 (Total knee replacement)""}, {""rule"": ""COST_OUTLIER"", ""severity"": ""MEDIUM"", ""detail"": ""Billed $12500.00 vs CPT benchmark $100.00 (125.0x). Significant overbilling.""}]",0.0,25.0,1.0,ICD_CPT_MISMATCH,90,ICD_CPT_MISMATCH,False,95,"The claim exhibits a clear ICD_CPT_MISMATCH, as the ICD code M25.361, indicating stiffness of the right hip, does not clinically justify the CPT code 27447 for a total knee replacement, which is a procedure for a different joint altogether. This mismatch suggests a potential fraud pattern where the provider may be billing for unnecessary or unrelated procedures. Furthermore, the billed amount is significantly higher than the CPT benchmark, raising concerns about overbilling.",ICD_CPT_MISMATCH | COST_OUTLIER,REFER_TO_SIU,groq,1.17,
CLM-FWA-FHIR-34356,PAT-18981,65,U,1234567892,Dr. Patricia Moore,Orthopedic Surgery,CA,2024-12-11,27447,Total knee replacement,M25.361,Stiffness of right hip (wrong body part),12500.0,1,Inpatient Hospital,75.2,2,HIGH,"[{""rule"": ""ICD_CPT_MISMATCH"", ""severity"": ""HIGH"", ""detail"": ""ICD M25.361 (Stiffness of right hip (wrong body part)) does not justify CPT 27447 (Total knee replacement)""}, {""rule"": ""COST_OUTLIER"", ""severity"": ""MEDIUM"", ""detail"": ""Billed $12500.00 vs CPT benchmark $100.00 (125.0x). Significant overbilling.""}]",0.0,25.0,1.0,ICD_CPT_MISMATCH,90,ICD_CPT_MISMATCH,False,95,"The claim exhibits a clear ICD_CPT_MISMATCH, as the ICD code M25.361, indicating stiffness of the right hip, does not clinically justify the CPT code 27447 for a total knee replacement, which is a procedure for a different joint altogether. This mismatch suggests a potential fraud pattern, as the diagnosis does not support the treatment provided. Furthermore, the billed amount is significantly higher than the benchmark, indicating potential overbilling.",ICD_CPT_MISMATCH | COST_OUTLIER,REFER_TO_SIU,groq,0.97,
CLM-FWA-FHIR-62923,PAT-25713,65,U,1234567892,Dr. Patricia Moore,Orthopedic Surgery,CA,2024-10-23,27447,Total knee replacement,M25.361,Stiffness of right hip (wrong body part),12500.0,1,Inpatient Hospital,75.2,2,HIGH,"[{""rule"": ""ICD_CPT_MISMATCH"", ""severity"": ""HIGH"", ""detail"": ""ICD M25.361 (Stiffness of right hip (wrong body part)) does not justify CPT 27447 (Total knee replacement)""}, {""rule"": ""COST_OUTLIER"", ""severity"": ""MEDIUM"", ""detail"": ""Billed $12500.00 vs CPT benchmark $100.00 (125.0x). Significant overbilling.""}]",0.0,25.0,1.0,ICD_CPT_MISMATCH,90,ICD_CPT_MISMATCH,False,95,"The claim exhibits a clear ICD_CPT_MISMATCH, as the ICD code M25.361, indicating stiffness of the right hip, does not clinically justify the CPT code 27447 for a total knee replacement, which is a procedure for a different body part. This mismatch suggests a potential fraud pattern, as the billed procedure does not align with the diagnosed condition. Furthermore, the billed amount is significantly higher than the CPT benchmark, raising concerns about overbilling.",ICD_CPT_MISMATCH | COST_OUTLIER,REFER_TO_SIU,groq,1.33,
CLM-FWA-FHIR-69638,PAT-47388,65,U,1234567892,Dr. Patricia Moore,Orthopedic Surgery,CA,2024-03-20,27447,Total knee replacement,M25.361,Stiffness of right hip (wrong body part),12500.0,1,Inpatient Hospital,75.2,2,HIGH,"[{""rule"": ""ICD_CPT_MISMATCH"", ""severity"": ""HIGH"", ""detail"": ""ICD M25.361 (Stiffness of right hip (wrong body part)) does not justify CPT 27447 (Total knee replacement)""}, {""rule"": ""COST_OUTLIER"", ""severity"": ""MEDIUM"", ""detail"": ""Billed $12500.00 vs CPT benchmark $100.00 (125.0x). Significant overbilling.""}]",0.0,25.0,1.0,ICD_CPT_MISMATCH,90,ICD_CPT_MISMATCH,False,95,"The claim exhibits a clear ICD_CPT_MISMATCH, as the ICD code M25.361 (stiffness of right hip) does not justify the CPT code 27447 (total knee replacement), indicating a potential fraud pattern. This mismatch suggests that the procedure billed may not be medically necessary for the diagnosed condition. Furthermore, the significant overbilling indicated by the COST_OUTLIER flag raises additional concerns about the legitimacy of the claim.",ICD_CPT_MISMATCH | COST_OUTLIER,REFER_TO_SIU,groq,1.04,
CLM-FWA-FHIR-48890,PAT-38534,65,U,1234567892,Dr. Patricia Moore,Orthopedic Surgery,CA,2024-06-09,27447,Total knee replacement,M25.361,Stiffness of right hip (wrong body part),12500.0,1,Inpatient Hospital,75.2,2,HIGH,"[{""rule"": ""ICD_CPT_MISMATCH"", ""severity"": ""HIGH"", ""detail"": ""ICD M25.361 (Stiffness of right hip (wrong body part)) does not justify CPT 27447 (Total knee replacement)""}, {""rule"": ""COST_OUTLIER"", ""severity"": ""MEDIUM"", ""detail"": ""Billed $12500.00 vs CPT benchmark $100.00 (125.0x). Significant overbilling.""}]",0.0,25.0,1.0,ICD_CPT_MISMATCH,90,ICD_CPT_MISMATCH,False,95,"The claim exhibits a clear ICD_CPT_MISMATCH, as the ICD code M25.361, indicating stiffness of the right hip, does not justify the CPT code 27447 for a total knee replacement, which is a procedure for a different body part. This mismatch suggests a potential fraud pattern, as the diagnosis does not support the performed procedure. Additionally, the billed amount is significantly higher than the CPT benchmark, further indicating potential overbilling.",ICD_CPT_MISMATCH | COST_OUTLIER,REFER_TO_SIU,groq,1.63,
CLM-FWA-FHIR-38080,PAT-80678,65,U,1234567890,Dr. Sarah Johnson,Internal Medicine,TX,2024-05-04,99215,"Office visit, high complexity (UPCODED)",J06.9,Acute upper respiratory infection,225.0,1,Office,59.2,1,HIGH,"[{""rule"": ""ICD_CPT_MISMATCH"", ""severity"": ""HIGH"", ""detail"": ""ICD J06.9 (Acute upper respiratory infection) does not justify CPT 99215 (Office visit, high complexity (UPCODED))""}]",73.3,38.1,1.0,UPCODING,85,UPCODING,False,90,"The claim exhibits a confirmed upcoding pattern, where a high-complexity office visit (CPT 99215) is billed for a patient with a diagnosis of acute upper respiratory infection (ICD J06.9), which typically requires a lower-complexity visit. This discrepancy suggests that the provider may be inflating the complexity of services to increase reimbursement.",ICD_CPT_MISMATCH | High percentage of high-complexity E&M visits,REFER_TO_SIU,groq,6.15,
CLM-FWA-FHIR-34050,PAT-46509,65,U,1234567897,Dr. Thomas Brown,Gastroenterology,PA,2024-02-08,100,Anesthesia for salivary gland surgery,K11.5,Sialolithiasis (salivary gland stone),462.0,1,Outpatient Hospital,71.0,2,MEDIUM,"[{""rule"": ""SPECIALTY_MISMATCH"", ""severity"": ""MEDIUM"", ""detail"": ""CPT 00100 typically billed by ['Unknown']. Provider specialty: Gastroenterology.""}, {""rule"": ""COST_OUTLIER"", ""severity"": ""MEDIUM"", ""detail"": ""Billed $462.00 vs CPT benchmark $100.00 (4.6x). Significant overbilling.""}]",0.0,14.3,1.0,UNBUNDLING,85,UNBUNDLING,False,90,"The confirmed fraud pattern of UNBUNDLING is present, indicating that the provider has billed for a service that should be included in a more comprehensive procedure. In this case, the anesthesia service for salivary gland surgery (CPT 100) may be a component of the overall surgical procedure and should not be billed separately. The significant overbilling of $462.00 compared to the CPT benchmark of $100.00 further supports the suspicion of fraudulent activity.",SPECIALTY_MISMATCH | COST_OUTLIER,REFER_TO_SIU,groq,3.38,
CLM-FWA-FHIR-14117,PAT-53309,65,U,1234567890,Dr. Sarah Johnson,Internal Medicine,TX,2024-05-22,99215,"Office visit, high complexity (UPCODED)",J06.9,Acute upper respiratory infection,225.0,1,Office,59.2,1,HIGH,"[{""rule"": ""ICD_CPT_MISMATCH"", ""severity"": ""HIGH"", ""detail"": ""ICD J06.9 (Acute upper respiratory infection) does not justify CPT 99215 (Office visit, high complexity (UPCODED))""}]",73.3,38.1,1.0,UPCODING,85,UPCODING,False,90,"The claim exhibits a confirmed upcoding pattern, where a high-complexity office visit (CPT 99215) is billed for a patient with a diagnosis of acute upper respiratory infection (ICD J06.9), which typically requires a lower-level office visit. This discrepancy suggests that the provider may be inflating the complexity of services to increase reimbursement.",ICD_CPT_MISMATCH | High percentage of high-complexity E&M visits,REFER_TO_SIU,groq,6.25,
CLM-FWA-FHIR-91183,PAT-20745,65,U,1234567891,Dr. Michael Chen,Family Practice,FL,2024-05-13,36415,Venipuncture for blood collection,Z00.00,General adult medical exam,18.0,1,Office,46.8,1,HIGH,"[{""rule"": ""ICD_CPT_MISMATCH"", ""severity"": ""HIGH"", ""detail"": ""ICD Z00.00 (General adult medical exam) does not justify CPT 36415 (Venipuncture for blood collection)""}]",0.0,30.0,1.0,MEDICALLY_UNNECESSARY,85,MEDICALLY_UNNECESSARY,False,90,"The claim for venipuncture (CPT 36415) is not justified by the diagnosis of a general adult medical exam (ICD Z00.00), indicating a medically unnecessary procedure. This pattern suggests that the provider may be billing for services that are not clinically warranted, which is a clear indication of fraud. The ICD_CPT_MISMATCH flag further supports this conclusion.",ICD_CPT_MISMATCH | Inconsistent billing patterns,REFER_TO_SIU,groq,6.86,
CLM-FWA-FHIR-63354,PAT-34957,65,U,1234567890,Dr. Sarah Johnson,Internal Medicine,TX,2024-12-03,99215,"Office visit, high complexity (UPCODED)",J06.9,Acute upper respiratory infection,225.0,1,Office,59.2,1,HIGH,"[{""rule"": ""ICD_CPT_MISMATCH"", ""severity"": ""HIGH"", ""detail"": ""ICD J06.9 (Acute upper respiratory infection) does not justify CPT 99215 (Office visit, high complexity (UPCODED))""}]",73.3,38.1,1.0,UPCODING,85,UPCODING,False,90,"The claim exhibits a confirmed upcoding pattern, where a high-complexity office visit (CPT 99215) is billed for a patient with an acute upper respiratory infection (ICD J06.9), which typically requires a lower-complexity visit. This discrepancy suggests that the provider may be inflating the complexity of services to increase reimbursement.",ICD_CPT_MISMATCH | High percentage of high-complexity E&M visits,REFER_TO_SIU,groq,6.37,
CLM-FWA-FHIR-56438,PAT-65519,65,U,1234567890,Dr. Sarah Johnson,Internal Medicine,TX,2024-01-28,99215,"Office visit, high complexity (UPCODED)",J06.9,Acute upper respiratory infection,225.0,1,Office,59.2,1,HIGH,"[{""rule"": ""ICD_CPT_MISMATCH"", ""severity"": ""HIGH"", ""detail"": ""ICD J06.9 (Acute upper respiratory infection) does not justify CPT 99215 (Office visit, high complexity (UPCODED))""}]",73.3,38.1,1.0,UPCODING,85,UPCODING,False,90,"The claim exhibits a confirmed upcoding pattern, where a high-complexity office visit (CPT 99215) is billed for a patient with an acute upper respiratory infection (ICD J06.9), which typically requires a lower-level office visit. This discrepancy suggests that the provider may be inflating the complexity of services to increase reimbursement.",ICD_CPT_MISMATCH | High percentage of high-complexity E&M visits,REFER_TO_SIU,groq,6.62,
CLM-FWA-FHIR-17944,PAT-62772,65,U,1234567890,Dr. Sarah Johnson,Internal Medicine,TX,2024-02-25,99215,"Office visit, high complexity (UPCODED)",J06.9,Acute upper respiratory infection,225.0,1,Office,59.2,1,HIGH,"[{""rule"": ""ICD_CPT_MISMATCH"", ""severity"": ""HIGH"", ""detail"": ""ICD J06.9 (Acute upper respiratory infection) does not justify CPT 99215 (Office visit, high complexity (UPCODED))""}]",73.3,38.1,1.0,UPCODING,85,UPCODING,False,90,"The claim exhibits a confirmed upcoding pattern, where a high-complexity office visit (CPT 99215) is billed for a patient with an acute upper respiratory infection (ICD J06.9), a condition that typically requires a lower-level office visit. This discrepancy suggests that the provider may be inflating the complexity of services to increase reimbursement.",ICD_CPT_MISMATCH | High percentage of high-complexity E&M visits,REFER_TO_SIU,groq,6.97,
